{"cameraMode":{"drawMode":0,"name":"Shaded","section":"Shading Mode"},"sceneLighting":true,"audioPlay":false,"sceneViewState":{"showFog":true,"showMaterialUpdate":false,"showSkybox":true,"showFlares":true,"showImageEffects":true,"showParticleSystems":true},"in2DMode":false,"pivot":{"x":-5.0184326171875,"y":0.736328125,"z":0.767578125},"rotation":{"x":-0.297734797000885,"y":-0.022353067994117738,"z":0.006930082105100155,"w":-0.9543777704238892},"size":19.11392593383789,"orthographic":true}