{"cameraMode":{"drawMode":0,"name":"Shaded","section":"Shading Mode"},"sceneLighting":true,"audioPlay":false,"sceneViewState":{"showFog":true,"showMaterialUpdate":false,"showSkybox":true,"showFlares":true,"showImageEffects":true,"showParticleSystems":true},"in2DMode":false,"pivot":{"x":-0.572021484375,"y":7.5947265625,"z":1.513671875},"rotation":{"x":0.0016906848177313805,"y":0.9966712594032288,"z":-0.07879921793937683,"w":0.021227367222309114},"size":23.517436981201173,"orthographic":true}