{"cameraMode":{"drawMode":0,"name":"Shaded","section":"Shading Mode"},"sceneLighting":false,"audioPlay":false,"sceneViewState":{"showFog":true,"showMaterialUpdate":false,"showSkybox":false,"showFlares":true,"showImageEffects":true,"showParticleSystems":true},"in2DMode":false,"pivot":{"x":0.04333299398422241,"y":0.920299232006073,"z":-0.09999972581863404},"rotation":{"x":0.018895432353019716,"y":-0.013497703708708287,"z":0.0002500296104699373,"w":0.9997385740280151},"size":3.875047445297241,"orthographic":true}