{"cameraMode":{"drawMode":0,"name":"Shaded","section":"Shading Mode"},"sceneLighting":true,"audioPlay":false,"sceneViewState":{"showFog":true,"showMaterialUpdate":false,"showSkybox":true,"showFlares":true,"showImageEffects":true,"showParticleSystems":true},"in2DMode":false,"pivot":{"x":-5.0184326171875,"y":0.736328125,"z":0.767578125},"rotation":{"x":-0.37822696566581728,"y":0.010256585665047169,"z":-0.004233045037835836,"w":-0.9256648421287537},"size":17.06893539428711,"orthographic":true}