{"cameraMode":{"drawMode":0,"name":"Shaded","section":"Shading Mode"},"sceneLighting":false,"audioPlay":false,"sceneViewState":{"showFog":true,"showMaterialUpdate":false,"showSkybox":false,"showFlares":true,"showImageEffects":true,"showParticleSystems":true},"in2DMode":false,"pivot":{"x":0.0005699975299648941,"y":0.003600001335144043,"z":0.0000199992791749537},"rotation":{"x":0.22808507084846497,"y":-0.36178621649742129,"z":0.09176164120435715,"w":0.8992611765861511},"size":0.014193846844136715,"orthographic":true}