{"cameraMode":{"drawMode":0,"name":"Shaded","section":"Shading Mode"},"sceneLighting":true,"audioPlay":false,"sceneViewState":{"showFog":true,"showMaterialUpdate":false,"showSkybox":true,"showFlares":true,"showImageEffects":true,"showParticleSystems":true},"in2DMode":false,"pivot":{"x":0.00011923909187316895,"y":0.8232816457748413,"z":-0.09262341260910034},"rotation":{"x":0.416788250207901,"y":0.00030625646468251944,"z":-0.00008088482718449086,"w":0.9090279340744019},"size":16.996191024780275,"orthographic":true}