{"cameraMode":{"drawMode":0,"name":"Shaded","section":"Shading Mode"},"sceneLighting":true,"audioPlay":false,"sceneViewState":{"showFog":true,"showMaterialUpdate":false,"showSkybox":true,"showFlares":true,"showImageEffects":true,"showParticleSystems":true},"in2DMode":false,"pivot":{"x":-5.0184326171875,"y":0.736328125,"z":0.767578125},"rotation":{"x":-0.33622342348098757,"y":0.0019606566056609155,"z":-0.0007413447019644082,"w":-0.9417980909347534},"size":27.783506393432618,"orthographic":true}